<?xml version="1.0" encoding="UTF-8"?>
<!DOCTYPE PubmedArticleSet PUBLIC "-//NLM//DTD PubMedArticle, 1st January 2019//EN" "https://dtd.nlm.nih.gov/ncbi/pubmed/out/pubmed_190101.dtd">
<PubmedArticleSet>
<PubmedArticle>
    <MedlineCitation Status="MEDLINE" Owner="NLM">
        <PMID Version="1">25416956</PMID>
        <DateCompleted>
            <Year>2015</Year>
            <Month>03</Month>
            <Day>24</Day>
        </DateCompleted>
        <DateRevised>
            <Year>2018</Year>
            <Month>11</Month>
            <Day>13</Day>
        </DateRevised>
        <Article PubModel="Print">
            <Journal>
                <ISSN IssnType="Electronic">1097-4172</ISSN>
                <JournalIssue CitedMedium="Internet">
                    <Volume>159</Volume>
                    <Issue>5</Issue>
                    <PubDate>
                        <Year>2014</Year>
                        <Month>Nov</Month>
                        <Day>20</Day>
                    </PubDate>
                </JournalIssue>
                <Title>Cell</Title>
                <ISOAbbreviation>Cell</ISOAbbreviation>
            </Journal>
            <ArticleTitle>A proteome-scale map of the human interactome network.</ArticleTitle>
            <Pagination>
                <MedlinePgn>1212-1226</MedlinePgn>
            </Pagination>
            <ELocationID EIdType="pii" ValidYN="Y">S0092-8674(14)01422-6</ELocationID>
            <ELocationID EIdType="doi" ValidYN="Y">10.1016/j.cell.2014.10.050</ELocationID>
            <Abstract>
                <AbstractText>Just as reference genome sequences revolutionized human genetics, reference maps of interactome networks will be critical to fully understand genotype-phenotype relationships. Here, we describe a systematic map of ?14,000 high-quality human binary protein-protein interactions. At equal quality, this map is ?30% larger than what is available from small-scale studies published in the literature in the last few decades. While currently available information is highly biased and only covers a relatively small portion of the proteome, our systematic map appears strikingly more homogeneous, revealing a "broader" human interactome network than currently appreciated. The map also uncovers significant interconnectivity between known and candidate cancer gene products, providing unbiased evidence for an expanded functional cancer landscape, while demonstrating how high-quality interactome models will help "connect the dots" of the genomic revolution. </AbstractText>
            </Abstract>
            <AuthorList CompleteYN="Y">
                <Author ValidYN="Y">
                    <LastName>Rolland</LastName>
                    <ForeName>Thomas</ForeName>
                    <Initials>T</Initials>
                    <AffiliationInfo>
                        <Affiliation>Center for Cancer Systems Biology (CCSB) and Department of Cancer Biology, Dana-Farber Cancer Institute, Boston, MA 02215, USA; Department of Genetics, Harvard Medical School, Boston, MA 02115, USA.</Affiliation>
                    </AffiliationInfo>
                </Author>
                <Author ValidYN="Y">
                    <LastName>Taşan</LastName>
                    <ForeName>Murat</ForeName>
                    <Initials>M</Initials>
                    <AffiliationInfo>
                        <Affiliation>Center for Cancer Systems Biology (CCSB) and Department of Cancer Biology, Dana-Farber Cancer Institute, Boston, MA 02215, USA; Departments of Molecular Genetics and Computer Science, University of Toronto, Toronto, ON M5S 3E1, Canada; Donnelly Centre, University of Toronto, Toronto, ON M5S 3E1, Canada; Lunenfeld-Tanenbaum Research Institute, Mount Sinai Hospital, Toronto, ON M5G 1X5, Canada.</Affiliation>
                    </AffiliationInfo>
                </Author>
                <Author ValidYN="Y">
                    <LastName>Charloteaux</LastName>
                    <ForeName>Benoit</ForeName>
                    <Initials>B</Initials>
                    <AffiliationInfo>
                        <Affiliation>Center for Cancer Systems Biology (CCSB) and Department of Cancer Biology, Dana-Farber Cancer Institute, Boston, MA 02215, USA; Department of Genetics, Harvard Medical School, Boston, MA 02115, USA.</Affiliation>
                    </AffiliationInfo>
                </Author>
                <Author ValidYN="Y">
                    <LastName>Pevzner</LastName>
                    <ForeName>Samuel J</ForeName>
                    <Initials>SJ</Initials>
                    <AffiliationInfo>
                        <Affiliation>Center for Cancer Systems Biology (CCSB) and Department of Cancer Biology, Dana-Farber Cancer Institute, Boston, MA 02215, USA; Department of Genetics, Harvard Medical School, Boston, MA 02115, USA; Department of Biomedical Engineering, Boston University, Boston, MA 02215, USA; Boston University School of Medicine, Boston, MA 02118, USA.</Affiliation>
                    </AffiliationInfo>
                </Author>
                <Author ValidYN="Y">
                    <LastName>Zhong</LastName>
                    <ForeName>Quan</ForeName>
                    <Initials>Q</Initials>
                    <AffiliationInfo>
                        <Affiliation>Center for Cancer Systems Biology (CCSB) and Department of Cancer Biology, Dana-Farber Cancer Institute, Boston, MA 02215, USA; Department of Genetics, Harvard Medical School, Boston, MA 02115, USA; Department of Biological Sciences, Wright State University, Dayton, OH 45435, USA.</Affiliation>
                    </AffiliationInfo>
                </Author>
                <Author ValidYN="Y">
                    <LastName>Sahni</LastName>
                    <ForeName>Nidhi</ForeName>
                    <Initials>N</Initials>
                    <AffiliationInfo>
                        <Affiliation>Center for Cancer Systems Biology (CCSB) and Department of Cancer Biology, Dana-Farber Cancer Institute, Boston, MA 02215, USA; Department of Genetics, Harvard Medical School, Boston, MA 02115, USA.</Affiliation>
                    </AffiliationInfo>
                </Author>
                <Author ValidYN="Y">
                    <LastName>Yi</LastName>
                    <ForeName>Song</ForeName>
                    <Initials>S</Initials>
                    <AffiliationInfo>
                        <Affiliation>Center for Cancer Systems Biology (CCSB) and Department of Cancer Biology, Dana-Farber Cancer Institute, Boston, MA 02215, USA; Department of Genetics, Harvard Medical School, Boston, MA 02115, USA.</Affiliation>
                    </AffiliationInfo>
                </Author>
                <Author ValidYN="Y">
                    <LastName>Lemmens</LastName>
                    <ForeName>Irma</ForeName>
                    <Initials>I</Initials>
                    <AffiliationInfo>
                        <Affiliation>Department of Medical Protein Research, VIB, 9000 Ghent, Belgium.</Affiliation>
                    </AffiliationInfo>
                </Author>
                <Author ValidYN="Y">
                    <LastName>Fontanillo</LastName>
                    <ForeName>Celia</ForeName>
                    <Initials>C</Initials>
                    <AffiliationInfo>
                        <Affiliation>Cancer Research Center (Centro de Investigación del Cancer), University of Salamanca and Consejo Superior de Investigaciones Científicas, Salamanca 37008, Spain.</Affiliation>
                    </AffiliationInfo>
                </Author>
                <Author ValidYN="Y">
                    <LastName>Mosca</LastName>
                    <ForeName>Roberto</ForeName>
                    <Initials>R</Initials>
                    <AffiliationInfo>
                        <Affiliation>Joint IRB-BSC Program in Computational Biology, Institute for Research in Biomedicine (IRB Barcelona), Barcelona 08028, Spain.</Affiliation>
                    </AffiliationInfo>
                </Author>
                <Author ValidYN="Y">
                    <LastName>Kamburov</LastName>
                    <ForeName>Atanas</ForeName>
                    <Initials>A</Initials>
                    <AffiliationInfo>
                        <Affiliation>Center for Cancer Systems Biology (CCSB) and Department of Cancer Biology, Dana-Farber Cancer Institute, Boston, MA 02215, USA; Department of Genetics, Harvard Medical School, Boston, MA 02115, USA.</Affiliation>
                    </AffiliationInfo>
                </Author>
                <Author ValidYN="Y">
                    <LastName>Ghiassian</LastName>
                    <ForeName>Susan D</ForeName>
                    <Initials>SD</Initials>
                    <AffiliationInfo>
                        <Affiliation>Center for Cancer Systems Biology (CCSB) and Department of Cancer Biology, Dana-Farber Cancer Institute, Boston, MA 02215, USA; Center for Complex Network Research (CCNR) and Department of Physics, Northeastern University, Boston, MA 02115, USA.</Affiliation>
                    </AffiliationInfo>
                </Author>
                <Author ValidYN="Y">
                    <LastName>Yang</LastName>
                    <ForeName>Xinping</ForeName>
                    <Initials>X</Initials>
                    <AffiliationInfo>
                        <Affiliation>Center for Cancer Systems Biology (CCSB) and Department of Cancer Biology, Dana-Farber Cancer Institute, Boston, MA 02215, USA; Department of Genetics, Harvard Medical School, Boston, MA 02115, USA.</Affiliation>
                    </AffiliationInfo>
                </Author>
                <Author ValidYN="Y">
                    <LastName>Ghamsari</LastName>
                    <ForeName>Lila</ForeName>
                    <Initials>L</Initials>
                    <AffiliationInfo>
                        <Affiliation>Center for Cancer Systems Biology (CCSB) and Department of Cancer Biology, Dana-Farber Cancer Institute, Boston, MA 02215, USA; Department of Genetics, Harvard Medical School, Boston, MA 02115, USA.</Affiliation>
                    </AffiliationInfo>
                </Author>
                <Author ValidYN="Y">
                    <LastName>Balcha</LastName>
                    <ForeName>Dawit</ForeName>
                    <Initials>D</Initials>
                    <AffiliationInfo>
                        <Affiliation>Center for Cancer Systems Biology (CCSB) and Department of Cancer Biology, Dana-Farber Cancer Institute, Boston, MA 02215, USA; Department of Genetics, Harvard Medical School, Boston, MA 02115, USA.</Affiliation>
                    </AffiliationInfo>
                </Author>
                <Author ValidYN="Y">
                    <LastName>Begg</LastName>
                    <ForeName>Bridget E</ForeName>
                    <Initials>BE</Initials>
                    <AffiliationInfo>
                        <Affiliation>Center for Cancer Systems Biology (CCSB) and Department of Cancer Biology, Dana-Farber Cancer Institute, Boston, MA 02215, USA; Department of Genetics, Harvard Medical School, Boston, MA 02115, USA.</Affiliation>
                    </AffiliationInfo>
                </Author>
                <Author ValidYN="Y">
                    <LastName>Braun</LastName>
                    <ForeName>Pascal</ForeName>
                    <Initials>P</Initials>
                    <AffiliationInfo>
                        <Affiliation>Center for Cancer Systems Biology (CCSB) and Department of Cancer Biology, Dana-Farber Cancer Institute, Boston, MA 02215, USA; Department of Genetics, Harvard Medical School, Boston, MA 02115, USA.</Affiliation>
                    </AffiliationInfo>
                </Author>
                <Author ValidYN="Y">
                    <LastName>Brehme</LastName>
                    <ForeName>Marc</ForeName>
                    <Initials>M</Initials>
                    <AffiliationInfo>
                        <Affiliation>Center for Cancer Systems Biology (CCSB) and Department of Cancer Biology, Dana-Farber Cancer Institute, Boston, MA 02215, USA; Department of Genetics, Harvard Medical School, Boston, MA 02115, USA.</Affiliation>
                    </AffiliationInfo>
                </Author>
                <Author ValidYN="Y">
                    <LastName>Broly</LastName>
                    <ForeName>Martin P</ForeName>
                    <Initials>MP</Initials>
                    <AffiliationInfo>
                        <Affiliation>Center for Cancer Systems Biology (CCSB) and Department of Cancer Biology, Dana-Farber Cancer Institute, Boston, MA 02215, USA; Department of Genetics, Harvard Medical School, Boston, MA 02115, USA.</Affiliation>
                    </AffiliationInfo>
                </Author>
                <Author ValidYN="Y">
                    <LastName>Carvunis</LastName>
                    <ForeName>Anne-Ruxandra</ForeName>
                    <Initials>AR</Initials>
                    <AffiliationInfo>
                        <Affiliation>Center for Cancer Systems Biology (CCSB) and Department of Cancer Biology, Dana-Farber Cancer Institute, Boston, MA 02215, USA; Department of Genetics, Harvard Medical School, Boston, MA 02115, USA.</Affiliation>
                    </AffiliationInfo>
                </Author>
                <Author ValidYN="Y">
                    <LastName>Convery-Zupan</LastName>
                    <ForeName>Dan</ForeName>
                    <Initials>D</Initials>
                    <AffiliationInfo>
                        <Affiliation>Center for Cancer Systems Biology (CCSB) and Department of Cancer Biology, Dana-Farber Cancer Institute, Boston, MA 02215, USA; Department of Genetics, Harvard Medical School, Boston, MA 02115, USA.</Affiliation>
                    </AffiliationInfo>
                </Author>
                <Author ValidYN="Y">
                    <LastName>Corominas</LastName>
                    <ForeName>Roser</ForeName>
                    <Initials>R</Initials>
                    <AffiliationInfo>
                        <Affiliation>Department of Psychiatry, University of California, San Diego, La Jolla, CA 92093, USA.</Affiliation>
                    </AffiliationInfo>
                </Author>
                <Author ValidYN="Y">
                    <LastName>Coulombe-Huntington</LastName>
                    <ForeName>Jasmin</ForeName>
                    <Initials>J</Initials>
                    <AffiliationInfo>
                        <Affiliation>Center for Cancer Systems Biology (CCSB) and Department of Cancer Biology, Dana-Farber Cancer Institute, Boston, MA 02215, USA; Department of Bioengineering, McGill University, Montreal, QC H3A 0C3, Canada.</Affiliation>
                    </AffiliationInfo>
                </Author>
                <Author ValidYN="Y">
                    <LastName>Dann</LastName>
                    <ForeName>Elizabeth</ForeName>
                    <Initials>E</Initials>
                    <AffiliationInfo>
                        <Affiliation>Center for Cancer Systems Biology (CCSB) and Department of Cancer Biology, Dana-Farber Cancer Institute, Boston, MA 02215, USA; Department of Genetics, Harvard Medical School, Boston, MA 02115, USA.</Affiliation>
                    </AffiliationInfo>
                </Author>
                <Author ValidYN="Y">
                    <LastName>Dreze</LastName>
                    <ForeName>Matija</ForeName>
                    <Initials>M</Initials>
                    <AffiliationInfo>
                        <Affiliation>Center for Cancer Systems Biology (CCSB) and Department of Cancer Biology, Dana-Farber Cancer Institute, Boston, MA 02215, USA; Department of Genetics, Harvard Medical School, Boston, MA 02115, USA.</Affiliation>
                    </AffiliationInfo>
                </Author>
                <Author ValidYN="Y">
                    <LastName>Dricot</LastName>
                    <ForeName>Amélie</ForeName>
                    <Initials>A</Initials>
                    <AffiliationInfo>
                        <Affiliation>Center for Cancer Systems Biology (CCSB) and Department of Cancer Biology, Dana-Farber Cancer Institute, Boston, MA 02215, USA; Department of Genetics, Harvard Medical School, Boston, MA 02115, USA.</Affiliation>
                    </AffiliationInfo>
                </Author>
                <Author ValidYN="Y">
                    <LastName>Fan</LastName>
                    <ForeName>Changyu</ForeName>
                    <Initials>C</Initials>
                    <AffiliationInfo>
                        <Affiliation>Center for Cancer Systems Biology (CCSB) and Department of Cancer Biology, Dana-Farber Cancer Institute, Boston, MA 02215, USA; Department of Genetics, Harvard Medical School, Boston, MA 02115, USA.</Affiliation>
                    </AffiliationInfo>
                </Author>
                <Author ValidYN="Y">
                    <LastName>Franzosa</LastName>
                    <ForeName>Eric</ForeName>
                    <Initials>E</Initials>
                    <AffiliationInfo>
                        <Affiliation>Center for Cancer Systems Biology (CCSB) and Department of Cancer Biology, Dana-Farber Cancer Institute, Boston, MA 02215, USA; Department of Bioengineering, McGill University, Montreal, QC H3A 0C3, Canada.</Affiliation>
                    </AffiliationInfo>
                </Author>
                <Author ValidYN="Y">
                    <LastName>Gebreab</LastName>
                    <ForeName>Fana</ForeName>
                    <Initials>F</Initials>
                    <AffiliationInfo>
                        <Affiliation>Center for Cancer Systems Biology (CCSB) and Department of Cancer Biology, Dana-Farber Cancer Institute, Boston, MA 02215, USA; Department of Genetics, Harvard Medical School, Boston, MA 02115, USA.</Affiliation>
                    </AffiliationInfo>
                </Author>
                <Author ValidYN="Y">
                    <LastName>Gutierrez</LastName>
                    <ForeName>Bryan J</ForeName>
                    <Initials>BJ</Initials>
                    <AffiliationInfo>
                        <Affiliation>Center for Cancer Systems Biology (CCSB) and Department of Cancer Biology, Dana-Farber Cancer Institute, Boston, MA 02215, USA; Department of Genetics, Harvard Medical School, Boston, MA 02115, USA.</Affiliation>
                    </AffiliationInfo>
                </Author>
                <Author ValidYN="Y">
                    <LastName>Hardy</LastName>
                    <ForeName>Madeleine F</ForeName>
                    <Initials>MF</Initials>
                    <AffiliationInfo>
                        <Affiliation>Center for Cancer Systems Biology (CCSB) and Department of Cancer Biology, Dana-Farber Cancer Institute, Boston, MA 02215, USA; Department of Genetics, Harvard Medical School, Boston, MA 02115, USA.</Affiliation>
                    </AffiliationInfo>
                </Author>
                <Author ValidYN="Y">
                    <LastName>Jin</LastName>
                    <ForeName>Mike</ForeName>
                    <Initials>M</Initials>
                    <AffiliationInfo>
                        <Affiliation>Center for Cancer Systems Biology (CCSB) and Department of Cancer Biology, Dana-Farber Cancer Institute, Boston, MA 02215, USA; Department of Genetics, Harvard Medical School, Boston, MA 02115, USA.</Affiliation>
                    </AffiliationInfo>
                </Author>
                <Author ValidYN="Y">
                    <LastName>Kang</LastName>
                    <ForeName>Shuli</ForeName>
                    <Initials>S</Initials>
                    <AffiliationInfo>
                        <Affiliation>Department of Psychiatry, University of California, San Diego, La Jolla, CA 92093, USA.</Affiliation>
                    </AffiliationInfo>
                </Author>
                <Author ValidYN="Y">
                    <LastName>Kiros</LastName>
                    <ForeName>Ruth</ForeName>
                    <Initials>R</Initials>
                    <AffiliationInfo>
                        <Affiliation>Center for Cancer Systems Biology (CCSB) and Department of Cancer Biology, Dana-Farber Cancer Institute, Boston, MA 02215, USA; Department of Genetics, Harvard Medical School, Boston, MA 02115, USA.</Affiliation>
                    </AffiliationInfo>
                </Author>
                <Author ValidYN="Y">
                    <LastName>Lin</LastName>
                    <ForeName>Guan Ning</ForeName>
                    <Initials>GN</Initials>
                    <AffiliationInfo>
                        <Affiliation>Department of Psychiatry, University of California, San Diego, La Jolla, CA 92093, USA.</Affiliation>
                    </AffiliationInfo>
                </Author>
                <Author ValidYN="Y">
                    <LastName>Luck</LastName>
                    <ForeName>Katja</ForeName>
                    <Initials>K</Initials>
                    <AffiliationInfo>
                        <Affiliation>Center for Cancer Systems Biology (CCSB) and Department of Cancer Biology, Dana-Farber Cancer Institute, Boston, MA 02215, USA; Department of Genetics, Harvard Medical School, Boston, MA 02115, USA.</Affiliation>
                    </AffiliationInfo>
                </Author>
                <Author ValidYN="Y">
                    <LastName>MacWilliams</LastName>
                    <ForeName>Andrew</ForeName>
                    <Initials>A</Initials>
                    <AffiliationInfo>
                        <Affiliation>Center for Cancer Systems Biology (CCSB) and Department of Cancer Biology, Dana-Farber Cancer Institute, Boston, MA 02215, USA; Department of Genetics, Harvard Medical School, Boston, MA 02115, USA.</Affiliation>
                    </AffiliationInfo>
                </Author>
                <Author ValidYN="Y">
                    <LastName>Menche</LastName>
                    <ForeName>Jörg</ForeName>
                    <Initials>J</Initials>
                    <AffiliationInfo>
                        <Affiliation>Center for Cancer Systems Biology (CCSB) and Department of Cancer Biology, Dana-Farber Cancer Institute, Boston, MA 02215, USA; Center for Complex Network Research (CCNR) and Department of Physics, Northeastern University, Boston, MA 02115, USA.</Affiliation>
                    </AffiliationInfo>
                </Author>
                <Author ValidYN="Y">
                    <LastName>Murray</LastName>
                    <ForeName>Ryan R</ForeName>
                    <Initials>RR</Initials>
                    <AffiliationInfo>
                        <Affiliation>Center for Cancer Systems Biology (CCSB) and Department of Cancer Biology, Dana-Farber Cancer Institute, Boston, MA 02215, USA; Department of Genetics, Harvard Medical School, Boston, MA 02115, USA.</Affiliation>
                    </AffiliationInfo>
                </Author>
                <Author ValidYN="Y">
                    <LastName>Palagi</LastName>
                    <ForeName>Alexandre</ForeName>
                    <Initials>A</Initials>
                    <AffiliationInfo>
                        <Affiliation>Center for Cancer Systems Biology (CCSB) and Department of Cancer Biology, Dana-Farber Cancer Institute, Boston, MA 02215, USA; Department of Genetics, Harvard Medical School, Boston, MA 02115, USA.</Affiliation>
                    </AffiliationInfo>
                </Author>
                <Author ValidYN="Y">
                    <LastName>Poulin</LastName>
                    <ForeName>Matthew M</ForeName>
                    <Initials>MM</Initials>
                    <AffiliationInfo>
                        <Affiliation>Center for Cancer Systems Biology (CCSB) and Department of Cancer Biology, Dana-Farber Cancer Institute, Boston, MA 02215, USA; Department of Genetics, Harvard Medical School, Boston, MA 02115, USA.</Affiliation>
                    </AffiliationInfo>
                </Author>
                <Author ValidYN="Y">
                    <LastName>Rambout</LastName>
                    <ForeName>Xavier</ForeName>
                    <Initials>X</Initials>
                    <AffiliationInfo>
                        <Affiliation>Center for Cancer Systems Biology (CCSB) and Department of Cancer Biology, Dana-Farber Cancer Institute, Boston, MA 02215, USA; Department of Genetics, Harvard Medical School, Boston, MA 02115, USA; Protein Signaling and Interactions Lab, GIGA-R, University of Liege, 4000 Liege, Belgium.</Affiliation>
                    </AffiliationInfo>
                </Author>
                <Author ValidYN="Y">
                    <LastName>Rasla</LastName>
                    <ForeName>John</ForeName>
                    <Initials>J</Initials>
                    <AffiliationInfo>
                        <Affiliation>Center for Cancer Systems Biology (CCSB) and Department of Cancer Biology, Dana-Farber Cancer Institute, Boston, MA 02215, USA; Department of Genetics, Harvard Medical School, Boston, MA 02115, USA.</Affiliation>
                    </AffiliationInfo>
                </Author>
                <Author ValidYN="Y">
                    <LastName>Reichert</LastName>
                    <ForeName>Patrick</ForeName>
                    <Initials>P</Initials>
                    <AffiliationInfo>
                        <Affiliation>Center for Cancer Systems Biology (CCSB) and Department of Cancer Biology, Dana-Farber Cancer Institute, Boston, MA 02215, USA; Department of Genetics, Harvard Medical School, Boston, MA 02115, USA.</Affiliation>
                    </AffiliationInfo>
                </Author>
                <Author ValidYN="Y">
                    <LastName>Romero</LastName>
                    <ForeName>Viviana</ForeName>
                    <Initials>V</Initials>
                    <AffiliationInfo>
                        <Affiliation>Center for Cancer Systems Biology (CCSB) and Department of Cancer Biology, Dana-Farber Cancer Institute, Boston, MA 02215, USA; Department of Genetics, Harvard Medical School, Boston, MA 02115, USA.</Affiliation>
                    </AffiliationInfo>
                </Author>
                <Author ValidYN="Y">
                    <LastName>Ruyssinck</LastName>
                    <ForeName>Elien</ForeName>
                    <Initials>E</Initials>
                    <AffiliationInfo>
                        <Affiliation>Department of Medical Protein Research, VIB, 9000 Ghent, Belgium.</Affiliation>
                    </AffiliationInfo>
                </Author>
                <Author ValidYN="Y">
                    <LastName>Sahalie</LastName>
                    <ForeName>Julie M</ForeName>
                    <Initials>JM</Initials>
                    <AffiliationInfo>
                        <Affiliation>Center for Cancer Systems Biology (CCSB) and Department of Cancer Biology, Dana-Farber Cancer Institute, Boston, MA 02215, USA; Department of Genetics, Harvard Medical School, Boston, MA 02115, USA.</Affiliation>
                    </AffiliationInfo>
                </Author>
                <Author ValidYN="Y">
                    <LastName>Scholz</LastName>
                    <ForeName>Annemarie</ForeName>
                    <Initials>A</Initials>
                    <AffiliationInfo>
                        <Affiliation>Center for Cancer Systems Biology (CCSB) and Department of Cancer Biology, Dana-Farber Cancer Institute, Boston, MA 02215, USA; Department of Genetics, Harvard Medical School, Boston, MA 02115, USA.</Affiliation>
                    </AffiliationInfo>
                </Author>
                <Author ValidYN="Y">
                    <LastName>Shah</LastName>
                    <ForeName>Akash A</ForeName>
                    <Initials>AA</Initials>
                    <AffiliationInfo>
                        <Affiliation>Center for Cancer Systems Biology (CCSB) and Department of Cancer Biology, Dana-Farber Cancer Institute, Boston, MA 02215, USA; Department of Genetics, Harvard Medical School, Boston, MA 02115, USA.</Affiliation>
                    </AffiliationInfo>
                </Author>
                <Author ValidYN="Y">
                    <LastName>Sharma</LastName>
                    <ForeName>Amitabh</ForeName>
                    <Initials>A</Initials>
                    <AffiliationInfo>
                        <Affiliation>Center for Cancer Systems Biology (CCSB) and Department of Cancer Biology, Dana-Farber Cancer Institute, Boston, MA 02215, USA; Center for Complex Network Research (CCNR) and Department of Physics, Northeastern University, Boston, MA 02115, USA.</Affiliation>
                    </AffiliationInfo>
                </Author>
                <Author ValidYN="Y">
                    <LastName>Shen</LastName>
                    <ForeName>Yun</ForeName>
                    <Initials>Y</Initials>
                    <AffiliationInfo>
                        <Affiliation>Center for Cancer Systems Biology (CCSB) and Department of Cancer Biology, Dana-Farber Cancer Institute, Boston, MA 02215, USA; Department of Genetics, Harvard Medical School, Boston, MA 02115, USA.</Affiliation>
                    </AffiliationInfo>
                </Author>
                <Author ValidYN="Y">
                    <LastName>Spirohn</LastName>
                    <ForeName>Kerstin</ForeName>
                    <Initials>K</Initials>
                    <AffiliationInfo>
                        <Affiliation>Center for Cancer Systems Biology (CCSB) and Department of Cancer Biology, Dana-Farber Cancer Institute, Boston, MA 02215, USA; Department of Genetics, Harvard Medical School, Boston, MA 02115, USA.</Affiliation>
                    </AffiliationInfo>
                </Author>
                <Author ValidYN="Y">
                    <LastName>Tam</LastName>
                    <ForeName>Stanley</ForeName>
                    <Initials>S</Initials>
                    <AffiliationInfo>
                        <Affiliation>Center for Cancer Systems Biology (CCSB) and Department of Cancer Biology, Dana-Farber Cancer Institute, Boston, MA 02215, USA; Department of Genetics, Harvard Medical School, Boston, MA 02115, USA.</Affiliation>
                    </AffiliationInfo>
                </Author>
                <Author ValidYN="Y">
                    <LastName>Tejeda</LastName>
                    <ForeName>Alexander O</ForeName>
                    <Initials>AO</Initials>
                    <AffiliationInfo>
                        <Affiliation>Center for Cancer Systems Biology (CCSB) and Department of Cancer Biology, Dana-Farber Cancer Institute, Boston, MA 02215, USA; Department of Genetics, Harvard Medical School, Boston, MA 02115, USA.</Affiliation>
                    </AffiliationInfo>
                </Author>
                <Author ValidYN="Y">
                    <LastName>Trigg</LastName>
                    <ForeName>Shelly A</ForeName>
                    <Initials>SA</Initials>
                    <AffiliationInfo>
                        <Affiliation>Center for Cancer Systems Biology (CCSB) and Department of Cancer Biology, Dana-Farber Cancer Institute, Boston, MA 02215, USA; Department of Genetics, Harvard Medical School, Boston, MA 02115, USA.</Affiliation>
                    </AffiliationInfo>
                </Author>
                <Author ValidYN="Y">
                    <LastName>Twizere</LastName>
                    <ForeName>Jean-Claude</ForeName>
                    <Initials>JC</Initials>
                    <AffiliationInfo>
                        <Affiliation>Center for Cancer Systems Biology (CCSB) and Department of Cancer Biology, Dana-Farber Cancer Institute, Boston, MA 02215, USA; Department of Genetics, Harvard Medical School, Boston, MA 02115, USA; Protein Signaling and Interactions Lab, GIGA-R, University of Liege, 4000 Liege, Belgium.</Affiliation>
                    </AffiliationInfo>
                </Author>
                <Author ValidYN="Y">
                    <LastName>Vega</LastName>
                    <ForeName>Kerwin</ForeName>
                    <Initials>K</Initials>
                    <AffiliationInfo>
                        <Affiliation>Center for Cancer Systems Biology (CCSB) and Department of Cancer Biology, Dana-Farber Cancer Institute, Boston, MA 02215, USA; Department of Genetics, Harvard Medical School, Boston, MA 02115, USA.</Affiliation>
                    </AffiliationInfo>
                </Author>
                <Author ValidYN="Y">
                    <LastName>Walsh</LastName>
                    <ForeName>Jennifer</ForeName>
                    <Initials>J</Initials>
                    <AffiliationInfo>
                        <Affiliation>Center for Cancer Systems Biology (CCSB) and Department of Cancer Biology, Dana-Farber Cancer Institute, Boston, MA 02215, USA; Department of Genetics, Harvard Medical School, Boston, MA 02115, USA.</Affiliation>
                    </AffiliationInfo>
                </Author>
                <Author ValidYN="Y">
                    <LastName>Cusick</LastName>
                    <ForeName>Michael E</ForeName>
                    <Initials>ME</Initials>
                    <AffiliationInfo>
                        <Affiliation>Center for Cancer Systems Biology (CCSB) and Department of Cancer Biology, Dana-Farber Cancer Institute, Boston, MA 02215, USA; Department of Genetics, Harvard Medical School, Boston, MA 02115, USA.</Affiliation>
                    </AffiliationInfo>
                </Author>
                <Author ValidYN="Y">
                    <LastName>Xia</LastName>
                    <ForeName>Yu</ForeName>
                    <Initials>Y</Initials>
                    <AffiliationInfo>
                        <Affiliation>Center for Cancer Systems Biology (CCSB) and Department of Cancer Biology, Dana-Farber Cancer Institute, Boston, MA 02215, USA; Department of Bioengineering, McGill University, Montreal, QC H3A 0C3, Canada.</Affiliation>
                    </AffiliationInfo>
                </Author>
                <Author ValidYN="Y">
                    <LastName>Barabási</LastName>
                    <ForeName>Albert-László</ForeName>
                    <Initials>AL</Initials>
                    <AffiliationInfo>
                        <Affiliation>Center for Cancer Systems Biology (CCSB) and Department of Cancer Biology, Dana-Farber Cancer Institute, Boston, MA 02215, USA; Center for Complex Network Research (CCNR) and Department of Physics, Northeastern University, Boston, MA 02115, USA; Department of Medicine, Brigham and Women's Hospital, Harvard Medical School, Boston, MA 02115, USA.</Affiliation>
                    </AffiliationInfo>
                </Author>
                <Author ValidYN="Y">
                    <LastName>Iakoucheva</LastName>
                    <ForeName>Lilia M</ForeName>
                    <Initials>LM</Initials>
                    <AffiliationInfo>
                        <Affiliation>Department of Psychiatry, University of California, San Diego, La Jolla, CA 92093, USA.</Affiliation>
                    </AffiliationInfo>
                </Author>
                <Author ValidYN="Y">
                    <LastName>Aloy</LastName>
                    <ForeName>Patrick</ForeName>
                    <Initials>P</Initials>
                    <AffiliationInfo>
                        <Affiliation>Joint IRB-BSC Program in Computational Biology, Institute for Research in Biomedicine (IRB Barcelona), Barcelona 08028, Spain; Institució Catalana de Recerca i Estudis Avançats (ICREA), Barcelona 08010, Spain.</Affiliation>
                    </AffiliationInfo>
                </Author>
                <Author ValidYN="Y">
                    <LastName>De Las Rivas</LastName>
                    <ForeName>Javier</ForeName>
                    <Initials>J</Initials>
                    <AffiliationInfo>
                        <Affiliation>Cancer Research Center (Centro de Investigación del Cancer), University of Salamanca and Consejo Superior de Investigaciones Científicas, Salamanca 37008, Spain.</Affiliation>
                    </AffiliationInfo>
                </Author>
                <Author ValidYN="Y">
                    <LastName>Tavernier</LastName>
                    <ForeName>Jan</ForeName>
                    <Initials>J</Initials>
                    <AffiliationInfo>
                        <Affiliation>Department of Medical Protein Research, VIB, 9000 Ghent, Belgium.</Affiliation>
                    </AffiliationInfo>
                </Author>
                <Author ValidYN="Y">
                    <LastName>Calderwood</LastName>
                    <ForeName>Michael A</ForeName>
                    <Initials>MA</Initials>
                    <AffiliationInfo>
                        <Affiliation>Center for Cancer Systems Biology (CCSB) and Department of Cancer Biology, Dana-Farber Cancer Institute, Boston, MA 02215, USA; Department of Genetics, Harvard Medical School, Boston, MA 02115, USA.</Affiliation>
                    </AffiliationInfo>
                </Author>
                <Author ValidYN="Y">
                    <LastName>Hill</LastName>
                    <ForeName>David E</ForeName>
                    <Initials>DE</Initials>
                    <AffiliationInfo>
                        <Affiliation>Center for Cancer Systems Biology (CCSB) and Department of Cancer Biology, Dana-Farber Cancer Institute, Boston, MA 02215, USA; Department of Genetics, Harvard Medical School, Boston, MA 02115, USA.</Affiliation>
                    </AffiliationInfo>
                </Author>
                <Author ValidYN="Y">
                    <LastName>Hao</LastName>
                    <ForeName>Tong</ForeName>
                    <Initials>T</Initials>
                    <AffiliationInfo>
                        <Affiliation>Center for Cancer Systems Biology (CCSB) and Department of Cancer Biology, Dana-Farber Cancer Institute, Boston, MA 02215, USA; Department of Genetics, Harvard Medical School, Boston, MA 02115, USA.</Affiliation>
                    </AffiliationInfo>
                </Author>
                <Author ValidYN="Y">
                    <LastName>Roth</LastName>
                    <ForeName>Frederick P</ForeName>
                    <Initials>FP</Initials>
                    <AffiliationInfo>
                        <Affiliation>Center for Cancer Systems Biology (CCSB) and Department of Cancer Biology, Dana-Farber Cancer Institute, Boston, MA 02215, USA; Departments of Molecular Genetics and Computer Science, University of Toronto, Toronto, ON M5S 3E1, Canada; Donnelly Centre, University of Toronto, Toronto, ON M5S 3E1, Canada; Lunenfeld-Tanenbaum Research Institute, Mount Sinai Hospital, Toronto, ON M5G 1X5, Canada; Canadian Institute for Advanced Research, Toronto M5G 1Z8, Canada. Electronic address: fritz.roth@utoronto.ca.</Affiliation>
                    </AffiliationInfo>
                </Author>
                <Author ValidYN="Y">
                    <LastName>Vidal</LastName>
                    <ForeName>Marc</ForeName>
                    <Initials>M</Initials>
                    <AffiliationInfo>
                        <Affiliation>Center for Cancer Systems Biology (CCSB) and Department of Cancer Biology, Dana-Farber Cancer Institute, Boston, MA 02215, USA; Department of Genetics, Harvard Medical School, Boston, MA 02115, USA. Electronic address: marc_vidal@dfci.harvard.edu.</Affiliation>
                    </AffiliationInfo>
                </Author>
            </AuthorList>
            <Language>eng</Language>
            <GrantList CompleteYN="Y">
                <Grant>
                    <GrantID>RC4 HG006066</GrantID>
                    <Acronym>HG</Acronym>
                    <Agency>NHGRI NIH HHS</Agency>
                    <Country>United States</Country>
                </Grant>
                <Grant>
                    <GrantID>U01 HL108630</GrantID>
                    <Acronym>HL</Acronym>
                    <Agency>NHLBI NIH HHS</Agency>
                    <Country>United States</Country>
                </Grant>
                <Grant>
                    <GrantID>P50HG004233</GrantID>
                    <Acronym>HG</Acronym>
                    <Agency>NHGRI NIH HHS</Agency>
                    <Country>United States</Country>
                </Grant>
                <Grant>
                    <GrantID>R01 HG001715</GrantID>
                    <Acronym>HG</Acronym>
                    <Agency>NHGRI NIH HHS</Agency>
                    <Country>United States</Country>
                </Grant>
                <Grant>
                    <GrantID>R01 HD065288</GrantID>
                    <Acronym>HD</Acronym>
                    <Agency>NICHD NIH HHS</Agency>
                    <Country>United States</Country>
                </Grant>
                <Grant>
                    <GrantID>R01 MH091350</GrantID>
                    <Acronym>MH</Acronym>
                    <Agency>NIMH NIH HHS</Agency>
                    <Country>United States</Country>
                </Grant>
                <Grant>
                    <GrantID>U01HL108630</GrantID>
                    <Acronym>HL</Acronym>
                    <Agency>NHLBI NIH HHS</Agency>
                    <Country>United States</Country>
                </Grant>
                <Grant>
                    <GrantID>R33CA132073</GrantID>
                    <Acronym>CA</Acronym>
                    <Agency>NCI NIH HHS</Agency>
                    <Country>United States</Country>
                </Grant>
                <Grant>
                    <GrantID>340941</GrantID>
                    <Agency>European Research Council</Agency>
                    <Country>International</Country>
                </Grant>
                <Grant>
                    <GrantID>U54CA112962</GrantID>
                    <Acronym>CA</Acronym>
                    <Agency>NCI NIH HHS</Agency>
                    <Country>United States</Country>
                </Grant>
                <Grant>
                    <GrantID>U01 HG001715</GrantID>
                    <Acronym>HG</Acronym>
                    <Agency>NHGRI NIH HHS</Agency>
                    <Country>United States</Country>
                </Grant>
                <Grant>
                    <GrantID>P50 HG004233</GrantID>
                    <Acronym>HG</Acronym>
                    <Agency>NHGRI NIH HHS</Agency>
                    <Country>United States</Country>
                </Grant>
                <Grant>
                    <GrantID>R21 MH104766</GrantID>
                    <Acronym>MH</Acronym>
                    <Agency>NIMH NIH HHS</Agency>
                    <Country>United States</Country>
                </Grant>
                <Grant>
                    <GrantID>R33 CA132073</GrantID>
                    <Acronym>CA</Acronym>
                    <Agency>NCI NIH HHS</Agency>
                    <Country>United States</Country>
                </Grant>
                <Grant>
                    <GrantID>R21MH104766</GrantID>
                    <Acronym>MH</Acronym>
                    <Agency>NIMH NIH HHS</Agency>
                    <Country>United States</Country>
                </Grant>
                <Grant>
                    <GrantID>R01 MH105524</GrantID>
                    <Acronym>MH</Acronym>
                    <Agency>NIMH NIH HHS</Agency>
                    <Country>United States</Country>
                </Grant>
                <Grant>
                    <GrantID>U01HL098166</GrantID>
                    <Acronym>HL</Acronym>
                    <Agency>NHLBI NIH HHS</Agency>
                    <Country>United States</Country>
                </Grant>
                <Grant>
                    <GrantID>R01MH091350</GrantID>
                    <Acronym>MH</Acronym>
                    <Agency>NIMH NIH HHS</Agency>
                    <Country>United States</Country>
                </Grant>
                <Grant>
                    <GrantID>R01HD065288</GrantID>
                    <Acronym>HD</Acronym>
                    <Agency>NICHD NIH HHS</Agency>
                    <Country>United States</Country>
                </Grant>
                <Grant>
                    <GrantID>U54 CA112962</GrantID>
                    <Acronym>CA</Acronym>
                    <Agency>NCI NIH HHS</Agency>
                    <Country>United States</Country>
                </Grant>
                <Grant>
                    <GrantID>R01MH105524</GrantID>
                    <Acronym>MH</Acronym>
                    <Agency>NIMH NIH HHS</Agency>
                    <Country>United States</Country>
                </Grant>
                <Grant>
                    <GrantID>U01HG001715</GrantID>
                    <Acronym>HG</Acronym>
                    <Agency>NHGRI NIH HHS</Agency>
                    <Country>United States</Country>
                </Grant>
                <Grant>
                    <GrantID>U01 HL098166</GrantID>
                    <Acronym>HL</Acronym>
                    <Agency>NHLBI NIH HHS</Agency>
                    <Country>United States</Country>
                </Grant>
                <Grant>
                    <GrantID>RC4HG006066</GrantID>
                    <Acronym>HG</Acronym>
                    <Agency>NHGRI NIH HHS</Agency>
                    <Country>United States</Country>
                </Grant>
            </GrantList>
            <PublicationTypeList>
                <PublicationType UI="D016428">Journal Article</PublicationType>
                <PublicationType UI="D057666">Research Support, American Recovery and Reinvestment Act</PublicationType>
                <PublicationType UI="D052061">Research Support, N.I.H., Extramural</PublicationType>
                <PublicationType UI="D013485">Research Support, Non-U.S. Gov't</PublicationType>
                <PublicationType UI="D013486">Research Support, U.S. Gov't, Non-P.H.S.</PublicationType>
            </PublicationTypeList>
        </Article>
        <MedlineJournalInfo>
            <Country>United States</Country>
            <MedlineTA>Cell</MedlineTA>
            <NlmUniqueID>0413066</NlmUniqueID>
            <ISSNLinking>0092-8674</ISSNLinking>
        </MedlineJournalInfo>
        <ChemicalList>
            <Chemical>
                <RegistryNumber>0</RegistryNumber>
                <NameOfSubstance UI="D020543">Proteome</NameOfSubstance>
            </Chemical>
        </ChemicalList>
        <CitationSubset>IM</CitationSubset>
        <CommentsCorrectionsList>
            <CommentsCorrections RefType="CommentIn">
                <RefSource>Nat Methods. 2015 Feb;12(2):107</RefSource>
                <PMID Version="1">25798472</PMID>
            </CommentsCorrections>
        </CommentsCorrectionsList>
        <MeshHeadingList>
            <MeshHeading>
                <DescriptorName UI="D000818" MajorTopicYN="N">Animals</DescriptorName>
            </MeshHeading>
            <MeshHeading>
                <DescriptorName UI="D030562" MajorTopicYN="N">Databases, Protein</DescriptorName>
            </MeshHeading>
            <MeshHeading>
                <DescriptorName UI="D055106" MajorTopicYN="N">Genome-Wide Association Study</DescriptorName>
            </MeshHeading>
            <MeshHeading>
                <DescriptorName UI="D006801" MajorTopicYN="N">Humans</DescriptorName>
            </MeshHeading>
            <MeshHeading>
                <DescriptorName UI="D051379" MajorTopicYN="N">Mice</DescriptorName>
            </MeshHeading>
            <MeshHeading>
                <DescriptorName UI="D009369" MajorTopicYN="N">Neoplasms</DescriptorName>
                <QualifierName UI="Q000378" MajorTopicYN="N">metabolism</QualifierName>
            </MeshHeading>
            <MeshHeading>
                <DescriptorName UI="D060066" MajorTopicYN="Y">Protein Interaction Maps</DescriptorName>
            </MeshHeading>
            <MeshHeading>
                <DescriptorName UI="D020543" MajorTopicYN="N">Proteome</DescriptorName>
                <QualifierName UI="Q000378" MajorTopicYN="Y">metabolism</QualifierName>
            </MeshHeading>
        </MeshHeadingList>
    </MedlineCitation>
    <PubmedData>
        <History>
            <PubMedPubDate PubStatus="received">
                <Year>2014</Year>
                <Month>09</Month>
                <Day>17</Day>
            </PubMedPubDate>
            <PubMedPubDate PubStatus="revised">
                <Year>2014</Year>
                <Month>10</Month>
                <Day>21</Day>
            </PubMedPubDate>
            <PubMedPubDate PubStatus="accepted">
                <Year>2014</Year>
                <Month>10</Month>
                <Day>30</Day>
            </PubMedPubDate>
            <PubMedPubDate PubStatus="entrez">
                <Year>2014</Year>
                <Month>11</Month>
                <Day>24</Day>
                <Hour>6</Hour>
                <Minute>0</Minute>
            </PubMedPubDate>
            <PubMedPubDate PubStatus="pubmed">
                <Year>2014</Year>
                <Month>11</Month>
                <Day>25</Day>
                <Hour>6</Hour>
                <Minute>0</Minute>
            </PubMedPubDate>
            <PubMedPubDate PubStatus="medline">
                <Year>2015</Year>
                <Month>3</Month>
                <Day>25</Day>
                <Hour>6</Hour>
                <Minute>0</Minute>
            </PubMedPubDate>
        </History>
        <PublicationStatus>ppublish</PublicationStatus>
        <ArticleIdList>
            <ArticleId IdType="pubmed">25416956</ArticleId>
            <ArticleId IdType="pii">S0092-8674(14)01422-6</ArticleId>
            <ArticleId IdType="doi">10.1016/j.cell.2014.10.050</ArticleId>
            <ArticleId IdType="pmc">PMC4266588</ArticleId>
            <ArticleId IdType="mid">NIHMS640363</ArticleId>
        </ArticleIdList>
        <ReferenceList>
            <Reference>
                <Citation>Nat Cell Biol. 2001 Dec;3(12):1114-9</Citation>
                <ArticleIdList>
                    <ArticleId IdType="pubmed">11781573</ArticleId>
                </ArticleIdList>
            </Reference>
            <Reference>
                <Citation>Nucleic Acids Res. 2012 Jan;40(Database issue):D841-6</Citation>
                <ArticleIdList>
                    <ArticleId IdType="pubmed">22121220</ArticleId>
                </ArticleIdList>
            </Reference>
            <Reference>
                <Citation>Nucleic Acids Res. 2012 Jan;40(Database issue):D261-70</Citation>
                <ArticleIdList>
                    <ArticleId IdType="pubmed">22135298</ArticleId>
                </ArticleIdList>
            </Reference>
            <Reference>
                <Citation>Nature. 2012 Mar 29;483(7391):603-7</Citation>
                <ArticleIdList>
                    <ArticleId IdType="pubmed">22460905</ArticleId>
                </ArticleIdList>
            </Reference>
            <Reference>
                <Citation>Proc Natl Acad Sci U S A. 2012 Apr 17;109(16):5934-41</Citation>
                <ArticleIdList>
                    <ArticleId IdType="pubmed">22421440</ArticleId>
                </ArticleIdList>
            </Reference>
            <Reference>
                <Citation>Nature. 2012 Jul 26;487(7408):491-5</Citation>
                <ArticleIdList>
                    <ArticleId IdType="pubmed">22810586</ArticleId>
                </ArticleIdList>
            </Reference>
            <Reference>
                <Citation>Cell. 2012 Aug 31;150(5):1068-81</Citation>
                <ArticleIdList>
                    <ArticleId IdType="pubmed">22939629</ArticleId>
                </ArticleIdList>
            </Reference>
            <Reference>
                <Citation>Nature. 2012 Oct 25;490(7421):556-60</Citation>
                <ArticleIdList>
                    <ArticleId IdType="pubmed">23023127</ArticleId>
                </ArticleIdList>
            </Reference>
            <Reference>
                <Citation>Nature. 2012 Nov 1;491(7422):56-65</Citation>
                <ArticleIdList>
                    <ArticleId IdType="pubmed">23128226</ArticleId>
                </ArticleIdList>
            </Reference>
            <Reference>
                <Citation>Nat Genet. 2012 Dec;44(12):1316-20</Citation>
                <ArticleIdList>
                    <ArticleId IdType="pubmed">23143595</ArticleId>
                </ArticleIdList>
            </Reference>
            <Reference>
                <Citation>Nucleic Acids Res. 2013 Jan;41(Database issue):D816-23</Citation>
                <ArticleIdList>
                    <ArticleId IdType="pubmed">23203989</ArticleId>
                </ArticleIdList>
            </Reference>
            <Reference>
                <Citation>Methods. 2012 Dec;58(4):317-24</Citation>
                <ArticleIdList>
                    <ArticleId IdType="pubmed">23231818</ArticleId>
                </ArticleIdList>
            </Reference>
            <Reference>
                <Citation>Science. 2013 Mar 29;339(6127):1546-58</Citation>
                <ArticleIdList>
                    <ArticleId IdType="pubmed">23539594</ArticleId>
                </ArticleIdList>
            </Reference>
            <Reference>
                <Citation>Nature. 2014 Jan 23;505(7484):495-501</Citation>
                <ArticleIdList>
                    <ArticleId IdType="pubmed">24390350</ArticleId>
                </ArticleIdList>
            </Reference>
            <Reference>
                <Citation>Hum Genet. 2014 Jan;133(1):1-9</Citation>
                <ArticleIdList>
                    <ArticleId IdType="pubmed">24077912</ArticleId>
                </ArticleIdList>
            </Reference>
            <Reference>
                <Citation>Curr Opin Struct Biol. 2014 Feb;24:34-44</Citation>
                <ArticleIdList>
                    <ArticleId IdType="pubmed">24721451</ArticleId>
                </ArticleIdList>
            </Reference>
            <Reference>
                <Citation>Nature. 2014 May 29;509(7502):575-81</Citation>
                <ArticleIdList>
                    <ArticleId IdType="pubmed">24870542</ArticleId>
                </ArticleIdList>
            </Reference>
            <Reference>
                <Citation>Nature. 2014 May 29;509(7502):582-7</Citation>
                <ArticleIdList>
                    <ArticleId IdType="pubmed">24870543</ArticleId>
                </ArticleIdList>
            </Reference>
            <Reference>
                <Citation>Nucleic Acids Res. 2000 Jan 1;28(1):235-42</Citation>
                <ArticleIdList>
                    <ArticleId IdType="pubmed">10592235</ArticleId>
                </ArticleIdList>
            </Reference>
            <Reference>
                <Citation>Nat Rev Cancer. 2010 Oct;10(10):696-706</Citation>
                <ArticleIdList>
                    <ArticleId IdType="pubmed">20844553</ArticleId>
                </ArticleIdList>
            </Reference>
            <Reference>
                <Citation>Trends Genet. 2002 Oct;18(10):529-36</Citation>
                <ArticleIdList>
                    <ArticleId IdType="pubmed">12350343</ArticleId>
                </ArticleIdList>
            </Reference>
            <Reference>
                <Citation>Trends Biochem Sci. 2002 Nov;27(11):559-63</Citation>
                <ArticleIdList>
                    <ArticleId IdType="pubmed">12417131</ArticleId>
                </ArticleIdList>
            </Reference>
            <Reference>
                <Citation>Science. 2002 Dec 6;298(5600):1912-34</Citation>
                <ArticleIdList>
                    <ArticleId IdType="pubmed">12471243</ArticleId>
                </ArticleIdList>
            </Reference>
            <Reference>
                <Citation>Nucleic Acids Res. 2003 Jan 1;31(1):248-50</Citation>
                <ArticleIdList>
                    <ArticleId IdType="pubmed">12519993</ArticleId>
                </ArticleIdList>
            </Reference>
            <Reference>
                <Citation>Nucleic Acids Res. 2003 Jan 1;31(1):258-61</Citation>
                <ArticleIdList>
                    <ArticleId IdType="pubmed">12519996</ArticleId>
                </ArticleIdList>
            </Reference>
            <Reference>
                <Citation>Nucleic Acids Res. 2004 Jan 1;32(Database issue):D449-51</Citation>
                <ArticleIdList>
                    <ArticleId IdType="pubmed">14681454</ArticleId>
                </ArticleIdList>
            </Reference>
            <Reference>
                <Citation>Nat Rev Cancer. 2004 Mar;4(3):177-83</Citation>
                <ArticleIdList>
                    <ArticleId IdType="pubmed">14993899</ArticleId>
                </ArticleIdList>
            </Reference>
            <Reference>
                <Citation>Nature. 2004 Oct 21;431(7011):931-45</Citation>
                <ArticleIdList>
                    <ArticleId IdType="pubmed">15496913</ArticleId>
                </ArticleIdList>
            </Reference>
            <Reference>
                <Citation>Science. 1995 Sep 1;269(5228):1281-4</Citation>
                <ArticleIdList>
                    <ArticleId IdType="pubmed">7652577</ArticleId>
                </ArticleIdList>
            </Reference>
            <Reference>
                <Citation>Nucleic Acids Res. 1996 Jul 15;24(14):2813-20</Citation>
                <ArticleIdList>
                    <ArticleId IdType="pubmed">8759016</ArticleId>
                </ArticleIdList>
            </Reference>
            <Reference>
                <Citation>Nucleic Acids Res. 2005 Jan 1;33(Database issue):D514-7</Citation>
                <ArticleIdList>
                    <ArticleId IdType="pubmed">15608251</ArticleId>
                </ArticleIdList>
            </Reference>
            <Reference>
                <Citation>Proc Natl Acad Sci U S A. 2005 May 3;102(18):6350-5</Citation>
                <ArticleIdList>
                    <ArticleId IdType="pubmed">15849265</ArticleId>
                </ArticleIdList>
            </Reference>
            <Reference>
                <Citation>Cell. 2005 Sep 23;122(6):957-68</Citation>
                <ArticleIdList>
                    <ArticleId IdType="pubmed">16169070</ArticleId>
                </ArticleIdList>
            </Reference>
            <Reference>
                <Citation>Nature. 2005 Oct 20;437(7062):1173-8</Citation>
                <ArticleIdList>
                    <ArticleId IdType="pubmed">16189514</ArticleId>
                </ArticleIdList>
            </Reference>
            <Reference>
                <Citation>Nat Genet. 2008 Mar;40(3):310-5</Citation>
                <ArticleIdList>
                    <ArticleId IdType="pubmed">18264096</ArticleId>
                </ArticleIdList>
            </Reference>
            <Reference>
                <Citation>Proc Natl Acad Sci U S A. 2008 May 13;105(19):6959-64</Citation>
                <ArticleIdList>
                    <ArticleId IdType="pubmed">18474861</ArticleId>
                </ArticleIdList>
            </Reference>
            <Reference>
                <Citation>Nat Methods. 2008 Jun;5(6):535-8</Citation>
                <ArticleIdList>
                    <ArticleId IdType="pubmed">18469824</ArticleId>
                </ArticleIdList>
            </Reference>
            <Reference>
                <Citation>Mol Cell Biol. 2008 Jun;28(12):4080-92</Citation>
                <ArticleIdList>
                    <ArticleId IdType="pubmed">18411297</ArticleId>
                </ArticleIdList>
            </Reference>
            <Reference>
                <Citation>Nucleic Acids Res. 2009 Jan;37(Database issue):D767-72</Citation>
                <ArticleIdList>
                    <ArticleId IdType="pubmed">18988627</ArticleId>
                </ArticleIdList>
            </Reference>
            <Reference>
                <Citation>Nat Methods. 2009 Jan;6(1):91-7</Citation>
                <ArticleIdList>
                    <ArticleId IdType="pubmed">19060903</ArticleId>
                </ArticleIdList>
            </Reference>
            <Reference>
                <Citation>Nat Methods. 2009 Jan;6(1):83-90</Citation>
                <ArticleIdList>
                    <ArticleId IdType="pubmed">19060904</ArticleId>
                </ArticleIdList>
            </Reference>
            <Reference>
                <Citation>Nat Methods. 2009 Jan;6(1):39-46</Citation>
                <ArticleIdList>
                    <ArticleId IdType="pubmed">19116613</ArticleId>
                </ArticleIdList>
            </Reference>
            <Reference>
                <Citation>Proc Natl Acad Sci U S A. 2009 Jun 9;106(23):9362-7</Citation>
                <ArticleIdList>
                    <ArticleId IdType="pubmed">19474294</ArticleId>
                </ArticleIdList>
            </Reference>
            <Reference>
                <Citation>Mol Syst Biol. 2009;5:321</Citation>
                <ArticleIdList>
                    <ArticleId IdType="pubmed">19888216</ArticleId>
                </ArticleIdList>
            </Reference>
            <Reference>
                <Citation>Nucleic Acids Res. 2010 Jan;38(Database issue):D497-501</Citation>
                <ArticleIdList>
                    <ArticleId IdType="pubmed">19884131</ArticleId>
                </ArticleIdList>
            </Reference>
            <Reference>
                <Citation>Sci Signal. 2010;3(104):ra3</Citation>
                <ArticleIdList>
                    <ArticleId IdType="pubmed">20068231</ArticleId>
                </ArticleIdList>
            </Reference>
            <Reference>
                <Citation>Methods Enzymol. 2010;470:281-315</Citation>
                <ArticleIdList>
                    <ArticleId IdType="pubmed">20946815</ArticleId>
                </ArticleIdList>
            </Reference>
            <Reference>
                <Citation>Nat Rev Genet. 2011 Jan;12(1):56-68</Citation>
                <ArticleIdList>
                    <ArticleId IdType="pubmed">21164525</ArticleId>
                </ArticleIdList>
            </Reference>
            <Reference>
                <Citation>Nucleic Acids Res. 2011 Jan;39(Database issue):D718-23</Citation>
                <ArticleIdList>
                    <ArticleId IdType="pubmed">20965963</ArticleId>
                </ArticleIdList>
            </Reference>
            <Reference>
                <Citation>Genes Dev. 2011 Mar 15;25(6):534-55</Citation>
                <ArticleIdList>
                    <ArticleId IdType="pubmed">21406553</ArticleId>
                </ArticleIdList>
            </Reference>
            <Reference>
                <Citation>Cell. 2011 Mar 18;144(6):986-98</Citation>
                <ArticleIdList>
                    <ArticleId IdType="pubmed">21414488</ArticleId>
                </ArticleIdList>
            </Reference>
            <Reference>
                <Citation>Nat Methods. 2011 Jun;8(6):478-80</Citation>
                <ArticleIdList>
                    <ArticleId IdType="pubmed">21516116</ArticleId>
                </ArticleIdList>
            </Reference>
            <Reference>
                <Citation>Nat Methods. 2011 Aug;8(8):659-61</Citation>
                <ArticleIdList>
                    <ArticleId IdType="pubmed">21706014</ArticleId>
                </ArticleIdList>
            </Reference>
            <Reference>
                <Citation>Blood. 2011 Nov 17;118(20):5604-12</Citation>
                <ArticleIdList>
                    <ArticleId IdType="pubmed">21917756</ArticleId>
                </ArticleIdList>
            </Reference>
            <Reference>
                <Citation>Crit Rev Oncog. 2011;16(1-2):3-12</Citation>
                <ArticleIdList>
                    <ArticleId IdType="pubmed">22150303</ArticleId>
                </ArticleIdList>
            </Reference>
            <Reference>
                <Citation>Nucleic Acids Res. 2012 Jan;40(Database issue):D857-61</Citation>
                <ArticleIdList>
                    <ArticleId IdType="pubmed">22096227</ArticleId>
                </ArticleIdList>
            </Reference>
        </ReferenceList>
    </PubmedData>
</PubmedArticle>

</PubmedArticleSet>